Category,ID,Mean,Energy,Entropy,Contrast,Homogeneity
1,1,35.3863111111111,0.009579010028958982,5.084253869893406,6.705027160493814,0.5109264841951782
1,2,35.10423703703702,0.012303862947721367,4.873583840497973,4.691733333333328,0.6617839915365844
1,3,34.98403950617281,0.013252198384392597,4.837844941332414,5.232967901234567,0.6915515487667777
1,4,34.95138765432089,0.01148562202103336,5.087822851529075,7.638656790123459,0.5669577395588326
1,5,35.30066172839503,0.007486955086114898,5.313489797841494,9.927920987654302,0.34662795142498853
1,6,34.71899259259248,0.00976818236244473,5.122111029674015,7.422874074074072,0.4879746299201865
1,7,34.92784197530861,0.008758090876390782,5.193079093782097,7.855940740740736,0.43965661969757835
1,8,34.565511111111086,0.011256659460448085,5.025354106433398,6.755851851851851,0.5651308916638541
1,9,34.76003950617274,0.009200446078341694,5.153681690627691,7.66004938271604,0.45412457183307237
1,10,95.37120000000115,0.0009416863039170768,7.264161352199533,129.34820740740744,0.007443489881630836
1,11,95.37120000000115,0.0009416863039170768,7.264161352199533,129.34820740740744,0.007443489881630836
1,12,93.55520000000132,0.0013450488157293453,6.9823973303668305,84.12098765432125,0.02416488586953774
1,13,93.55520000000132,0.0013450488157293453,6.9823973303668305,84.12098765432125,0.02416488586953774
1,14,194.8204049382698,0.00041169880201189093,8.064696196624954,252.0335209876553,-0.017187123953107477
1,15,194.8204049382698,0.00041169880201189093,8.064696196624954,252.0335209876553,-0.017187123953107477
1,16,101.04177777778014,0.0005198391952446104,7.875023834948433,288.0972839506158,0.0020733837479300376
1,17,101.04177777778014,0.0005198391952446104,7.875023834948433,288.0972839506158,0.0020733837479300376
1,18,104.69519012345914,0.00045986316720012617,7.9635035001103445,321.9413728395064,0.00670694680125379
1,19,104.69519012345914,0.00045986316720012617,7.9635035001103445,321.9413728395064,0.00670694680125379
1,20,104.92266666666907,0.000499114159426901,7.895785952357367,297.52798024691293,0.004979291691559442
1,21,104.92266666666907,0.000499114159426901,7.895785952357367,297.52798024691293,0.004979291691559442
1,22,91.71087407407418,0.0014112162901996942,6.866016532819933,75.38716049382741,0.004837221945930713
1,23,91.71087407407418,0.0014112162901996942,6.866016532819933,75.38716049382741,0.004837221945930713
1,24,90.3604543209878,0.001415783789056579,6.923811742866252,90.60472098765446,0.012984756379407008
1,25,90.3604543209878,0.001415783789056579,6.923811742866252,90.60472098765446,0.012984756379407008
1,26,89.39245432098735,0.0018058558390489552,6.666775458404282,56.19966419753104,0.031239397314589155
1,27,89.39245432098735,0.0018058558390489552,6.666775458404282,56.19966419753104,0.031239397314589155
1,28,48.65963456790144,0.004409283365340622,5.7863313235941005,13.531911111111109,0.2557000649721189
1,29,46.494261728395195,0.005063731114159416,5.737731596118655,13.703130864197519,0.3056276058245324
1,30,45.34921481481496,0.00632482667885992,5.510860159026987,10.27804444444444,0.37261100011469195
1,31,44.89712592592603,0.0069528394330132465,5.456829248750118,9.446637037037052,0.4176800421759425
1,32,44.79956543209883,0.006763950373418657,5.461053718398838,9.418034567901236,0.38933289236766694
1,33,44.75071604938277,0.006573035476299326,5.458707517967141,9.059358024691345,0.3866554391146605
1,34,44.70486913580265,0.006242543807346418,5.4957486940179905,9.536809876543202,0.3619995410506499
1,35,44.48989629629636,0.006269212912665737,5.524153434916364,10.12695308641974,0.3862690703596751
1,36,44.24039506172853,0.006155023100137152,5.522115591624831,10.395437037037034,0.3390837716991731
1,37,75.04792098765449,0.0003818723243408037,8.147056685746843,305.4360691358021,0.005139346277309026
1,38,44.185560493827246,0.004794513226642246,5.767379029505631,15.316503703703717,0.2718230644623687
1,39,77.35000493827205,0.0003866669105319336,8.12906183217812,313.50396049382647,0.006109834522518274
1,40,76.77874567901206,0.0004490948574912409,8.020847036007407,303.4401975308629,0.005312479426189538
1,41,78.63484444444492,0.0003822749946654537,8.167808608305258,396.1837432098755,0.011174714484012159
1,42,86.72904691358342,0.00032538922725194896,8.327376295991085,385.5686320987647,0.00629337590458119
1,43,86.63652345679333,0.0003854386099680011,8.21249845945144,317.999506172839,0.009296568368348955
1,44,86.67324444444628,0.0004916858283798057,7.962010622584846,250.429649382716,0.017102101344743183
1,45,87.3378765432118,0.0005548910227099317,7.8674960436795605,204.2913580246924,0.020480803566278256
1,46,88.22959012345869,0.0005916744886449986,7.81981095342704,184.35944691358074,0.02034370010380223
1,47,86.51146666666841,0.0007292418106995719,7.618531930930482,139.71869629629663,0.03544226080609872
1,48,84.80638024691442,0.0009304013900319865,7.431975448778146,112.79330370370384,0.04653933529914559
1,49,43.855841975308785,0.005846681420515139,5.58761644577263,12.16574814814816,0.33592814796338083
1,50,84.65416296296425,0.0007591127693948915,7.59601421417967,142.12169876543214,0.03021222394609583
1,51,82.37842962963018,0.0007247593720469249,7.614181966926741,142.55089382716096,0.027211899376529975
1,52,74.45645432098698,0.001066970620332308,7.233236439269802,95.69060740740777,0.04040398668315716
1,53,67.47841975308563,0.002317514817863073,6.5124636899876425,57.04849382716067,0.05472646579808268
1,54,79.88290370370405,0.0005624738667885792,7.814297351448193,259.62403950617244,0.005836981001035083
1,55,83.37210864197648,0.00042715322664228566,8.044506070552982,353.1136592592591,0.0035804009355151485
1,56,82.99620740740806,0.0004327859289742467,8.034859040948739,344.9850271604934,0.0035920798581281594
1,57,83.46192592592722,0.0003818645206523448,8.149495213624661,420.2583111111096,0.0020522451042063235
1,58,81.57457777777904,0.0003608484072549973,8.20481859914523,444.0697086419745,-0.0002809344978166342
1,59,79.54372345679106,0.00039455565919830124,8.13103859194257,391.34945185185137,0.002471566531788614
1,60,44.89230617283957,0.005212946221612539,5.64090709776737,12.141748148148158,0.29289067388054074
1,61,79.07683950617367,0.00038987734796525585,8.137785879928822,397.62202469135804,0.0017465273189996486
1,62,61.98725925925911,0.0013936821825941642,7.053496209416972,79.83280987654354,0.04936476742815925
1,63,64.54741728395034,0.0011578313062033513,7.1076096753655325,82.94915555555582,0.03762071497460445
1,64,65.40837530864137,0.0010153289315653349,7.2325486018838365,100.8041876543214,0.01977903793020538
1,65,66.00167901234506,0.0010311157933242166,7.229180045599502,103.88671604938305,0.028424043202314165
1,66,66.3255111111107,0.0009765914220393182,7.26688228456408,101.18611358024728,0.03172117651751354
1,67,60.39012345679003,0.0014525399420820232,6.853422141324075,63.287881481481655,0.04194573054939882
1,68,58.17048888888907,0.001979835951836576,6.605099132260181,46.55741234567922,0.0694970830639066
1,69,58.34344691358033,0.00191863318396589,6.675236833141666,49.36823703703709,0.06489774260613847
1,70,57.28426666666664,0.0019124152049992797,6.737962994247355,53.90654814814833,0.07279093468758233
1,71,43.56003950617299,0.005846633818015511,5.615914274650971,11.340701234567904,0.3608494957023311
1,72,57.448750617284,0.001683620423715929,6.851235727175965,67.29406419753097,0.06240362125356909
1,73,61.850627160493914,0.0007428319341563621,7.566354424785693,159.73842962962982,0.02527928455900715
1,74,74.03741234567804,0.0011527448620637394,7.12428136723936,87.88987654321001,0.03278309109626556
1,75,78.92936296296219,0.00047913437585734447,7.926328116002276,246.9791407407417,0.008950382890710009
1,76,71.06682469135747,0.0016021514769090435,6.853068667798015,56.666429629629754,0.05989532926001222
1,77,71.5770271604932,0.0015610408657217212,6.8597854325619165,56.032553086419895,0.05431805781098512
1,78,75.92833580246821,0.0006213948361530137,7.681784565436726,174.5915654320991,0.015747831495616538
1,79,72.89975308641871,0.0010794752507240042,7.18286110405053,96.24586666666683,0.024808229788982922
1,80,72.0809679012339,0.0013931203170248786,6.964371250725385,65.0953679012347,0.049877293067458243
1,81,70.86781234567833,0.001389998061271185,6.991343538296446,72.89258271604942,0.04957555855958077
1,82,43.0676148148149,0.007996885547934741,5.325073971028072,6.938765432098744,0.5122775819000667
1,83,70.96430617283862,0.0010552728913275791,7.252748662072377,99.83634567901277,0.03622191171979034
1,84,57.561264197530704,0.0006355187319006065,7.687760400547642,212.47656296296276,0.013466030025464412
1,85,56.77171358024683,0.0006421901051668818,7.679623345034424,212.52134320987628,0.016239585320600162
1,86,55.874469135802485,0.0007219695534217211,7.56827328679872,182.53655308641947,0.017540011908608207
1,87,54.61811358024716,0.001065938972717601,7.161849390992708,81.87124938271656,0.04189553128922496
1,88,57.89726419753089,0.0006839125255296306,7.618295738170695,181.1954172839504,0.02047708658442837
1,89,57.135269135802325,0.000684120884011567,7.618848918480301,188.69031111111153,0.015143062767510828
1,90,56.360869135802304,0.0006612006706294629,7.643648271994662,203.38427654320944,0.01809493227210467
1,91,54.431980246913554,0.0004482286480719438,8.01148767336264,306.4988641975306,0.008569753893839505
1,92,54.69386666666663,0.0004256463344002476,8.046917158411793,298.87156543209807,0.00850405567965088
1,93,42.44572839506188,0.0038133601585124,5.947229559173934,23.145066666666644,0.1535269059706325
1,94,54.97183209876532,0.00047926157597927445,7.900030683914801,214.17145679012302,0.02015596606771759
1,95,50.53955555555556,0.0005546787623837719,7.773266677776751,226.25953580246926,0.008846469338735964
1,96,51.567249382716,0.0005938446944063255,7.751559654193438,195.65214814814811,0.01778150755671306
1,97,49.76282469135802,0.000837773168724269,7.424531469584683,122.3688691358029,0.025293616060308492
1,98,50.13143703703732,0.0008147819417771591,7.40822815068463,126.87766913580269,0.015307464003137386
1,99,50.7632987654321,0.0006472367504953422,7.648144046291155,160.8022320987659,0.023308890779605636
1,100,48.79954567901259,0.0009426258680079151,7.319206980012427,107.0377679012348,0.027337008984506087
2,1,79.17803456790104,0.007339729919219614,5.324454416630958,11.366696296296295,0.23552316498954026
2,2,78.79478518518519,0.007355776643804285,5.346033143634493,11.706785185185192,0.2254255879043823
2,3,79.20440493827142,0.007060223648834003,5.373503847154565,11.739219753086417,0.22353056549229416
2,4,79.34753580246887,0.0070671798567291475,5.3724948227835725,11.881679012345668,0.2247856291987568
2,5,79.81540740740724,0.006568065307117805,5.441166805698648,12.180918518518506,0.2338498193924386
2,6,79.36515555555546,0.006972542185642422,5.37745581051494,11.15201975308642,0.2346830435133711
2,7,78.47310617283924,0.007218712659655527,5.351196477589825,11.78615308641974,0.22259927353613818
2,8,78.57173333333324,0.006839351172077414,5.430430800392086,13.508799999999987,0.21020641974897797
2,9,78.61655308641961,0.007475877750342923,5.323116776768708,11.41712592592593,0.22767944033560103
2,10,79.09287901234552,0.008251124255448845,5.225732451337068,10.880316049382717,0.2476829323699727
2,11,77.63387654320988,0.007486225441243701,5.3278312893371504,11.474350617283946,0.22644340013015682
2,12,76.49374814814801,0.00821953102270994,5.228186539906204,11.432632098765433,0.2237043294316433
2,13,76.59887407407403,0.008295283767718318,5.215564468633744,10.460622222222229,0.23963955652456553
2,14,77.10066172839493,0.008286593580246894,5.221031015506191,10.519466666666663,0.2540115654548486
2,15,77.69157530864189,0.00802454650205761,5.244757720551832,10.246893827160486,0.2510449041507029
2,16,77.30789135802452,0.0071565414540466265,5.363680011989053,12.506350617283935,0.21636985547749563
2,17,76.72333827160479,0.008786291845755204,5.160771193754647,9.98405925925927,0.26674546387252657
2,18,76.22194567901228,0.00868683461667427,5.188052547154169,10.621827160493831,0.2542315580006213
2,19,76.59547654320978,0.008800784075598221,5.165817330381372,9.725056790123462,0.26967004042023895
2,20,77.85147654320966,0.005861411662856258,5.554481837133721,15.059634567901234,0.17378594314890292
2,21,77.71043950617268,0.006904249766803833,5.378747043279584,12.266232098765439,0.2111699946505862
2,22,77.7529086419753,0.006704801536351154,5.424715561504623,13.21216790123455,0.19927741574985716
2,23,79.40312098765403,0.006688791489102268,5.421004306617843,12.807170370370345,0.2080186816137142
2,24,79.61118024691342,0.007159366389269918,5.348068934770761,12.041698765432109,0.21217088557685726
2,25,79.26964938271587,0.006907031001371736,5.386523350017103,12.350222222222229,0.21333395459844717
2,26,78.69493333333314,0.007285489602194773,5.3452417940086585,12.121955555555541,0.21564215367000528
2,27,78.6168888888887,0.0070372012071330545,5.367477308907751,12.31543703703703,0.21578678037850152
2,28,78.58935308641956,0.0067587094162475155,5.415218357578822,13.638676543209877,0.19661737594020967
2,29,78.93993086419735,0.007119767352537715,5.353136809001517,11.885669135802468,0.21662032104681375
2,30,79.1972543209874,0.007594274531321437,5.301895939103769,11.643792592592574,0.223210310111125
2,31,79.23922962962952,0.007046844224965695,5.371383220833679,12.464316049382726,0.2114988644662764
2,32,79.46070123456774,0.007543393702179527,5.303740229641956,10.939140740740756,0.22541815400504006
2,33,78.77293827160487,0.006993161091297051,5.377410397903177,12.14556049382717,0.20871439063748104
2,34,78.71818271604926,0.0071232626245999065,5.341413222981139,11.446044444444437,0.22002104173434123
2,35,78.28867160493805,0.0074105437098003326,5.29661109033192,10.957096296296282,0.22513415668729475
2,36,76.42234074074051,0.006971455912208497,5.391958204570502,13.037392592592584,0.20514806720913628
2,37,75.81191111111097,0.00785854956256667,5.2496301043303815,10.921481481481486,0.23149950736900843
2,38,75.87729382716023,0.008165902514860527,5.222782638674761,11.006577777777782,0.24866300865353264
2,39,75.51302716049385,0.008237353866788588,5.209851825092638,10.324977777777763,0.24767039793096413
2,40,77.22299259259233,0.005422423752476745,5.631788431451171,14.018330864197498,0.19330300772022005
2,41,76.68568888888886,0.006262148233500979,5.473404756035765,12.303348148148162,0.1977241372201585
2,42,76.64701234567893,0.0069798799939033655,5.379717687619609,11.51903209876544,0.22352867874028629
2,43,77.6728098765432,0.00663984909617435,5.422184157342529,12.009659259259251,0.2201477852626923
2,44,78.47306666666644,0.00711144003657977,5.367766543191353,11.447486419753089,0.2279500637556582
2,45,78.43591111111095,0.006726002597165056,5.420938182411257,12.252069135802458,0.2118379535933582
2,46,78.41965432098732,0.007488833433927733,5.324162965073804,11.378745679012335,0.23388174520516758
2,47,78.51079506172829,0.007092004950464855,5.372484384904033,11.616197530864216,0.22766662537799495
2,48,78.79344197530845,0.006555688657216876,5.468569002673766,13.618824691358014,0.21211744151309525
2,49,80.16954074074053,0.00724327554945892,5.356236358788557,11.301175308641989,0.24075424060091874
2,50,80.5944098765431,0.007341868129858245,5.323693966395687,10.887091358024687,0.23675692498028061
2,51,79.96306172839488,0.007163440695015989,5.360791417239842,11.349609876543205,0.2180713423510154
2,52,80.0875259259257,0.007520962780064002,5.312362256103893,10.660740740740739,0.2501533237950197
2,53,78.96365432098749,0.007433213424782797,5.326561985738474,10.877530864197531,0.2474245460664299
2,54,77.90305185185167,0.007357334260021324,5.331142455485334,11.029116049382715,0.24010312397571132
2,55,76.51075555555543,0.007714612869989316,5.300182791929917,11.40102716049384,0.24145326507512488
2,56,75.707535802469,0.006758697710714817,5.418322146649434,12.236148148148144,0.2210853783974012
2,57,74.94352592592588,0.007938061344307253,5.25289665000146,10.463525925925918,0.23902962007792616
2,58,75.46822716049365,0.008874799719554937,5.156607461504235,9.712079012345674,0.2649232056823567
2,59,75.97246419753063,0.008241756707818917,5.2265323873008445,10.008355555555536,0.25851584964140384
2,60,75.26028641975282,0.0047779865752171765,5.768018234105638,16.59962469135804,0.15693640718860344
2,61,75.7278222222219,0.005531348416399919,5.602229770827651,12.905995061728389,0.17548287268383175
2,62,76.7856197530863,0.005764716939490923,5.572969387287182,12.759051851851842,0.19017120664020873
2,63,77.50953086419729,0.005809167529340037,5.5648000941283975,12.702913580246914,0.19244283402141882
2,64,78.8324543209873,0.005926729315653087,5.529318666503719,12.255486419753085,0.18107660675123047
2,65,79.6354567901233,0.005654448480414559,5.569432368461013,13.09916049382716,0.18019305625290719
2,66,79.82589629629614,0.006280532943148894,5.471363278099258,12.07608888888887,0.1943791737210767
2,67,79.29892345679006,0.006056920591373253,5.499716350407758,12.286637037037037,0.19147368981131613
2,68,80.19525925925899,0.005492544575522011,5.605272329864789,13.989807407407401,0.17686982870687906
2,69,80.88242962962939,0.005719399359853668,5.5481548128862315,12.235595061728375,0.1911067675928906
2,70,82.06846419753059,0.006023015125743009,5.508620365724171,12.19512098765432,0.20023763492397398
2,71,80.36507654320963,0.0063544510409998325,5.450055060474085,11.839328395061719,0.20227582348096496
2,72,80.15952592592572,0.006442516445663756,5.447430711396814,12.062241975308632,0.19796588970602502
2,73,79.81106172839496,0.006486437945435142,5.4351980278005865,11.40539259259259,0.21356878771014318
2,74,79.3237135802468,0.006806255729309549,5.391461268277142,11.36671604938271,0.20250241324559384
2,75,78.24140246913561,0.0066259866239902375,5.406453631764888,10.91083456790122,0.21835519699859532
2,76,76.67806419753065,0.0058323858436213835,5.5608648226169395,13.795199999999992,0.18400929156338502
2,77,75.2252246913579,0.007008541380887048,5.350746731527632,10.856691358024692,0.2159153379242313
2,78,76.53072592592589,0.007414634403292173,5.299501166895623,10.825303703703717,0.21237033243203166
2,79,76.04373333333305,0.007686276116445642,5.273679352348445,10.489896296296289,0.2226138209292479
2,80,74.67934814814801,0.004201820746837353,5.9564226150003465,20.16628148148148,0.14143590747229284
2,81,75.0913777777774,0.0039774038347812546,6.002900176048366,21.22447407407408,0.13043507660603287
2,82,76.32813827160462,0.004246690394756879,5.945373338806384,19.604009876543245,0.14604431643641244
2,83,77.4445629629627,0.004294764237158942,5.928922703128901,19.4172444444445,0.1404659548017633
2,84,78.63065679012303,0.004187653150434364,5.918538880621506,19.11498271604941,0.13029206919777814
2,85,79.1797530864195,0.004242918872123134,5.904109685266741,18.70240000000003,0.14780760346852345
2,86,79.01009382716025,0.0047389977869227,5.801915870216906,17.2069135802469,0.16317739705909462
2,87,79.30107654320967,0.004716104886450212,5.7817742854193765,16.879427160493822,0.15627937997322003
2,88,79.6851555555553,0.00467325639384238,5.797602899557292,16.275101234567895,0.16604601305470792
2,89,79.69943703703665,0.0047012544673067915,5.790234773410067,16.907970370370386,0.16571700816836776
2,90,80.68527407407377,0.005257372620027423,5.695166305198842,15.40203456790121,0.18659597954158927
2,91,80.2398617283948,0.004913553031550057,5.739570136366495,16.816691358024727,0.16598500788556225
2,92,79.71255308641955,0.005520576204846814,5.627281295457746,15.409639506172843,0.1766218008076724
2,93,79.58366419753055,0.005020440152415777,5.725403873567796,16.83454814814818,0.16446450164572152
2,94,79.97791604938246,0.005243592866940999,5.68271417026725,15.217659259259236,0.18448859245558938
2,95,79.68385185185159,0.005087250650815409,5.706117753068122,16.125491358024714,0.1690215282143053
2,96,77.85439999999981,0.005304687163542124,5.67539744775551,15.313125925925943,0.18907808945404353
2,97,75.85258271604906,0.005039789397957615,5.719402702063871,15.955160493827156,0.17499902926546465
2,98,76.54538271604908,0.006008038286846504,5.551006915229827,13.980325925925941,0.20108740145027437
2,99,75.9093333333332,0.006019221752781578,5.533927611969151,14.17789629629628,0.1823066465608061
2,100,74.08517530864151,0.0033398440481633537,6.173492163150726,24.156464197530855,0.09907916850016561
3,1,70.32799999999928,0.0011720441639994133,7.065243441904765,125.89335308641988,0.024018521195472448
3,2,69.9981234567897,0.0012211816491388707,7.0205326895401505,127.74593580246942,0.01766107892766614
3,3,69.8362271604932,0.001194304965706469,7.043146320530287,128.46972839506222,0.021036215813621344
3,4,69.70078024691293,0.0011332489071788042,7.090041820689062,130.08345679012353,0.021730891331171377
3,5,69.49001481481409,0.0010819146837372643,7.15487322123675,135.31853827160495,0.019942735014076306
3,6,69.56203456790095,0.0013356328852309326,6.967435922716975,87.92722962962965,0.03614547568322086
3,7,76.61185185185086,0.0007559514951988914,7.508808390065803,156.92120493827179,0.014080757945904378
3,8,68.83802469135755,0.0019033988233501265,6.6531488701529256,55.9516246913581,0.056174079199104
3,9,67.92306172839461,0.0023648496509677992,6.454264257707318,43.84722962962984,0.07778427841496438
3,10,68.12837530864134,0.002563243603109236,6.388698355977317,39.674350617284034,0.08271927568513296
3,11,68.44722962962905,0.002648810266727587,6.377353598465754,37.903446913580304,0.1061994609146748
3,12,67.14208395061702,0.0025105780704160613,6.383363515028251,34.1634172839507,0.08411473799233753
3,13,66.99036049382698,0.0022333309678402307,6.50945528195794,42.221570370370486,0.0746255239031215
3,14,67.36845432098715,0.002094017960676688,6.572577163896725,52.17682962962976,0.060008642797000016
3,15,68.59644444444397,0.0016849735832952543,6.749056815279149,70.73189135802494,0.053911934736999546
3,16,68.07924938271533,0.0016094003231215018,6.818823188144127,92.24999506172871,0.046061645047725544
3,17,68.66409876543166,0.001541220277396764,6.847053638441329,85.39401481481511,0.043593274110332036
3,18,80.46289382716012,0.0006050351836610135,7.725918537363708,234.2243950617282,0.009527318856989426
3,19,68.27571358024657,0.0013862070294162706,6.931967492484598,92.39668148148183,0.03361207478545382
3,20,68.34275555555493,0.0012807760768175874,7.009265176797391,102.04088888888921,0.023033401153635776
3,21,68.35681975308583,0.0011646743606157867,7.0909638975951355,115.20831604938314,0.02442600139317064
3,22,67.99523950617235,0.0011375105014479715,7.115246456263758,122.80965925925915,0.02250481790573854
3,23,67.942281481481,0.0011525201158360304,7.094053383243869,124.2563160493829,0.026841462079457232
3,24,68.1271901234563,0.0012130369394909566,7.046739956469054,123.4081580246914,0.024365690261873747
3,25,68.75203950617242,0.0011859503368389234,7.064736683560423,126.74289382716076,0.02514421828566021
3,26,69.68922469135728,0.0013780537357110422,6.909785508730187,95.60740740740742,0.027106950818510125
3,27,65.63814320987628,0.002543423014784298,6.36128571034402,35.68515555555557,0.09040473286188813
3,28,65.05582222222199,0.00245040148757808,6.376681944367323,37.23942716049383,0.07191991073059333
3,29,93.10309135802713,0.0005468563450693291,7.826721987517576,235.30030617283953,0.011967094762885266
3,30,83.37147654321191,0.00040083450693492587,8.114079669272833,360.91618765431986,0.005503564248231146
3,31,65.37993086419732,0.00218470384392619,6.510278266664387,44.85404444444445,0.06181418401776277
3,32,65.3814123456788,0.0020937104953512825,6.530273075527428,45.00005925925939,0.05431299224226442
3,33,65.19976296296275,0.001999324103033043,6.567423071347466,50.31263209876559,0.04805255195869239
3,34,67.58113580246881,0.0009490951257430188,7.245636695120811,161.4452543209878,0.015138602977694092
3,35,67.73884444444394,0.0009804394208200113,7.2173438118841995,156.27103209876537,0.010746619259606347
3,36,68.44987654320927,0.0010706438164914095,7.151624579637714,140.4635851851852,0.016145777802510513
3,37,67.33307654320954,0.0015062363420210582,6.861589037847666,87.23691851851903,0.038342548621773304
3,38,66.61639506172817,0.0016911845389422585,6.75152756502098,73.75824197530883,0.04396731735132727
3,39,66.21507160493776,0.0020177431489101947,6.576428607973912,51.795772839506306,0.056114372318481674
3,40,66.33945679012314,0.0021788378113092176,6.511057758734103,46.75490370370374,0.06264239387684531
3,41,82.34182716049466,0.0004538395000762125,7.989450668834917,291.8680888888887,0.004778454175473262
3,42,63.67984197530862,0.00345383954884923,6.052700343853801,22.953995061728385,0.11865324141402987
3,43,84.59885432098679,0.0012446309525987128,7.011956820080442,109.59881481481476,0.02346254226472428
3,44,84.67703703703638,0.0010740985093735948,7.143965375016895,110.8119308641979,0.028165833429269198
3,45,50.715437037037496,0.001457210449626612,6.872855481511787,81.87847901234596,0.03330101707686802
3,46,50.38964938271636,0.0015196469806432198,6.841516922921953,77.10605432098774,0.0380869601875855
3,47,49.104375308642254,0.0017054980643194848,6.72467954705669,79.74781234567922,0.0386065075577135
3,48,48.28472098765462,0.0020399906843468706,6.536514553188514,65.13276049382722,0.03952082601627795
3,49,48.06820740740775,0.0021052303002590655,6.5540262079052045,65.50455308641976,0.040321911799897206
3,50,48.03871604938306,0.0022975069410150492,6.483731464457919,58.46534320987661,0.051387555819298256
3,51,45.573491358024924,0.0037908309099222303,5.9912949946393645,32.916029629629655,0.09090142832320577
3,52,82.03713580246999,0.00047089290047249495,7.9562138237094695,312.4067555555543,0.0042788986962427585
3,53,46.713817283950924,0.0024422037128486182,6.4076501375702675,49.4422518518519,0.061793652732661845
3,54,47.516088888889186,0.0032899605304069195,6.150657311115021,33.211516049382695,0.09782417059081289
3,55,49.07091358024725,0.0012019471178174364,7.061128516570273,115.04116543209915,0.03135748845000673
3,56,48.595397530864716,0.0013015167200122238,7.020762369437709,106.31091358024717,0.03209592303329698
3,57,48.22249876543234,0.0028384703307422375,6.271385887771121,31.122232098765394,0.10715077855523861
3,58,48.46243950617339,0.001374724682213108,6.97081992449293,95.41837037037055,0.03217792524494377
3,59,48.620029629630025,0.0012170355494589514,7.061772509526493,117.02629135802505,0.032198959945908844
3,60,47.081224691358265,0.001731229166285646,6.682788856428454,76.21068641975349,0.03943882435985874
3,61,46.727427160494116,0.002057758902606281,6.522661177351437,63.243279012345845,0.04267994273855281
3,62,47.87926913580284,0.0021120694528272872,6.490185120904397,59.62042469135816,0.04683316664040182
3,63,79.61441975308631,0.0004932372016460782,7.877590950927912,265.8889283950619,0.0001546660061866567
3,64,49.66319012345717,0.0015944188020119104,6.813548484101178,85.96375308642004,0.03617372130806465
3,65,49.441046913580614,0.0026511365462581478,6.394143465689873,45.41576296296306,0.09327460961947452
3,66,48.837748148148435,0.00286214360006093,6.304783625628909,39.19229629629638,0.10898929504795989
3,67,45.8365432098768,0.0019355788934613805,6.552185053014913,72.37353086419773,0.031883134717991535
3,68,49.21068641975352,0.0015287811979881334,6.815328446965648,91.42680493827183,0.032665567184438506
3,69,48.8436345679016,0.002840726377076612,6.32232127234713,41.31798518518532,0.10659642020992524
3,70,48.75567407407426,0.0029002482304526325,6.296072608433194,38.661985185185216,0.10984630559328709
3,71,47.62459259259299,0.0027264546258191896,6.376772969892028,42.989846913580315,0.09328646725770268
3,72,102.28515555555919,0.00034335409846060515,8.255372476935342,281.57641481481534,0.01007155079418034
3,73,96.20349629629938,0.00042597799115989067,8.071036817631649,306.5767111111101,0.007176567011575457
3,74,84.86984691358305,0.00041918488035361067,8.091708832487017,266.3690469135816,0.0071008224229651045
3,75,82.22417777777949,0.00040888713305899284,8.106501155817522,364.18184691357993,0.006529239163555309
3,76,81.36193580247034,0.0004537224447492848,8.01501960074317,323.3176098765416,0.00830287446260943
3,77,78.51697777777721,0.0007263794177716679,7.594537731334589,187.2877037037035,0.020848038669119193
3,78,82.86903703703983,0.00032063522024082183,8.320743240273297,473.0509037037053,-0.0025667729731369705
3,79,78.71946666666638,0.0005174777991159702,7.885154345062939,279.60136296296275,0.0020962508990975395
3,80,91.11678024691636,0.0005297678280749661,7.878022693120909,237.21074567901206,0.010995411143278419
3,81,79.69586172839479,0.0006262339033683683,7.729550109152903,231.6401777777779,0.008884927476843075
3,82,79.14078024691356,0.0006885393324188142,7.66027023153588,187.3247407407401,0.008903159093507272
3,83,88.55336296296666,0.00036850694711172975,8.236261958540817,420.29890370370305,0.0053379916772120515
3,84,91.34611358025035,0.000314172985825339,8.360152802816838,537.8302617283949,0.002728931846286416
3,85,89.62407901234995,0.0002722203566529588,8.515203463389405,597.8371555555569,0.002985179334594263
3,86,88.93076543210236,0.0002913581222374722,8.423482582735875,688.6485925925942,0.0028484954799360656
3,87,79.6267061728402,0.0008049680231671697,7.575320747438767,153.35117037037102,0.032695350040391126
3,88,89.08930370370717,0.00032273129096174974,8.378784444871096,519.6294716049368,0.006797218655677682
3,89,82.74597530864446,0.0003644256180460385,8.26929302374957,492.33127901234536,0.012287868294943794
3,90,74.9157530864189,0.0008747447035512718,7.3856237777057645,108.79016296296317,0.032638369209129686
3,91,91.79628641975644,0.0004401065691205694,8.058456934025989,238.64936296296278,0.015268127878953175
3,92,85.13744197531145,0.0003467822588020149,8.264644512810317,508.3084246913592,0.00419129013618994
3,93,83.67308641975515,0.0003646066636183582,8.214325885249352,431.0316641975312,0.005139927354166964
3,94,75.645471604938,0.0004990969913122831,7.939801697967414,277.97795555555473,0.010129129727443483
3,95,73.81835061728313,0.0005717337235177374,7.809783821379262,245.4577382716054,0.004397513697767636
3,96,75.0979160493821,0.0006257290047248665,7.734443977980787,213.02520493827146,0.011283605792639899
3,97,75.08896790123394,0.0006831149885687948,7.665265994197467,182.35310617284003,0.01707427480618383
3,98,74.12977777777684,0.0006667920134125701,7.6715047576950965,173.8359703703702,0.018460286324276674
3,99,71.91646419752995,0.0007245588172534511,7.582738050647083,148.90814814814888,0.013821907894288162
3,100,71.65552592592496,0.0006989400884011387,7.637829342343566,163.15600987654233,0.014257480277637525
4,1,145.1870617283952,0.008770828056698668,5.135084648366636,9.170627160493828,0.27124607054367383
4,2,145.02668641975313,0.009097308629782034,5.082550539773282,8.620088888888883,0.2681347324521637
4,3,138.76908641975305,0.005590837494284394,5.615456242209936,13.870814814814842,0.16670824896582834
4,4,139.40266666666662,0.005761580637097985,5.595627651846414,13.098982716049386,0.18074611315436956
4,5,140.2873481481483,0.005995582039323262,5.557079381362499,12.644523456790129,0.1884519592609359
4,6,141.45420246913585,0.005898348861454025,5.566777081153083,12.745106172839519,0.1882776870158674
4,7,141.8559802469136,0.005953655162322805,5.54769159148911,12.271130864197527,0.17874147895402437
4,8,142.4685037037038,0.006456552159731734,5.4404515145555425,10.848296296296283,0.19889329417475318
4,9,142.75030123456813,0.006446412827312892,5.443731209695448,10.951881481481474,0.20574501528296077
4,10,143.57106172839542,0.006921914976375535,5.382527316707943,10.38322962962961,0.21023239341368422
4,11,143.8277135802471,0.006334533686937954,5.458793966129071,11.430538271604934,0.19176893366449138
4,12,143.64882962962992,0.007617629410150875,5.28588131017156,9.48916543209877,0.23026121486271897
4,13,143.75693827160524,0.007267052607834163,5.310566374918499,9.231288888888882,0.24541911306155278
4,14,144.18601481481514,0.007584774320987643,5.274706255770134,8.76262716049382,0.24387076126241783
4,15,144.55804444444448,0.007954527907331182,5.217916244476752,8.433975308641966,0.2501230299385874
4,16,144.81349135802498,0.008626567511050141,5.161626392538914,8.171693827160485,0.2746011530791485
4,17,144.77305679012346,0.008991148812680975,5.103181618670861,7.613965432098762,0.2654517665760368
4,18,144.98334814814848,0.00883926796524918,5.105239327465454,7.69293827160493,0.2723640985626169
4,19,145.24092839506196,0.008196810583752472,5.191686930479288,8.829906172839511,0.25277203200168447
4,20,144.94615308641997,0.009294554659350694,5.0750075771542695,7.472019753086409,0.2904339218531813
4,21,144.5009975308643,0.009192368480414563,5.080676570970242,7.697303703703703,0.2787688810075968
4,22,144.52517530864222,0.009072735595183661,5.082168804770337,7.6769975308641945,0.2717099763683
4,23,137.88478024691366,0.0060480618442310475,5.546452005074153,13.530587654320975,0.17678564099798766
4,24,138.43124938271615,0.006728641804602943,5.451043408545949,12.015506172839492,0.20681914343306354
4,25,139.42538271604934,0.006419334808718169,5.47173802991974,12.067476543209875,0.18603507140805614
4,26,140.1899851851851,0.006712948587105614,5.425903112302926,11.705738271604954,0.19805644612004014
4,27,141.14008888888873,0.00649847123304373,5.47065119940058,12.44989629629631,0.1835450529199589
4,28,141.5496493827158,0.0059618170400853356,5.542097325192508,13.205155555555567,0.1771894139400752
4,29,141.80175802469145,0.005806072586495936,5.573065953894702,13.819417283950603,0.16458180252603735
4,30,142.24918518518547,0.005377475287303758,5.641770199623306,14.674745679012334,0.15200312122872206
4,31,143.05197037037067,0.004723484054260004,5.788792307523401,17.476938271604965,0.13734876041661756
4,32,142.978074074074,0.0054393335650053136,5.634998809876223,14.320256790123446,0.1539650885222173
4,33,143.19822222222228,0.00513034808108518,5.679982195093423,15.044720987654307,0.13987317277637212
4,34,143.73258271604968,0.005215422331961574,5.667981941844965,14.903822222222242,0.1355281336776253
4,35,144.11867654321017,0.005519675659198282,5.599576027284681,13.588780246913581,0.15422971658608106
4,36,143.75792592592626,0.006026349641822874,5.539777179360015,12.855328395061738,0.1739637461806285
4,37,143.62554074074106,0.006081975893918605,5.527731535273387,12.265382716049384,0.18160783786195986
4,38,143.77633580246916,0.006731160054869667,5.409619256333933,10.897758024691374,0.21230515212129694
4,39,143.49362962962962,0.006093342746532527,5.4962079959941645,12.662558024691357,0.1800731245008135
4,40,143.81761975308663,0.007152490559365938,5.3223832720654025,10.067259259259254,0.20903431321115518
4,41,143.3555753086423,0.007068068696844984,5.329465202763598,10.37118024691358,0.19325566172067235
4,42,143.37440000000018,0.0071299300960219495,5.331185876921706,10.297343209876535,0.20789159910608815
4,43,138.07194074074076,0.008211779618960507,5.19895727202956,9.038182716049382,0.2557440639388811
4,44,138.9581629629631,0.009078646108824853,5.116557398584456,8.088474074074066,0.29720646445944904
4,45,139.9219160493829,0.007876164048163378,5.237912391889544,9.158222222222207,0.25476049084288943
4,46,140.96015802469157,0.007724963682365479,5.252189377143067,9.076543209876549,0.26212459049942816
4,47,141.5698765432103,0.007668104447492752,5.266911593677967,9.49599999999999,0.2419573267723153
4,48,141.97382716049418,0.007966847590306345,5.250149317840647,9.607861728395056,0.23837442710086965
4,49,142.75674074074115,0.006838886852613915,5.390497802064655,10.635101234567902,0.22613380246308576
4,50,142.92491851851887,0.00639911623228165,5.473571904503384,11.731516049382726,0.21433376841252982
4,51,117.9655111111116,0.007129410370370361,5.35273826910678,9.592967901234564,0.22791322201714584
4,52,114.84246913580265,0.014049956969974079,4.685738967926164,6.179891358024693,0.36602607995884945
4,53,108.14646913580258,0.011094871830513631,4.9303812219519925,7.846241975308644,0.3246951071401385
4,54,110.51075555555565,0.013052205456485288,4.749079774817585,6.047545679012338,0.37095854614521256
4,55,109.87051851851862,0.013741491992074374,4.703523310029838,6.056039506172837,0.3830250348828126
4,56,109.58860246913596,0.013329472848651108,4.727832777823487,6.290330864197529,0.36721159593734787
4,57,110.41550617283967,0.013555837561347345,4.71412435459481,6.309372839506173,0.3678892508862878
4,58,110.65349135802492,0.013880975119646385,4.6930117570671985,5.999565432098765,0.36946081375414697
4,59,111.22394074074086,0.013720686578265511,4.693697437552278,6.220740740740738,0.3640731605335297
4,60,112.46216296296315,0.013626019253162612,4.705301155743789,6.135960493827157,0.37357500321352194
4,61,112.60029629629653,0.012551989806431942,4.80823137817014,7.148464197530863,0.336016751291958
4,62,113.04227160493853,0.013000796317634497,4.756381771351499,6.401856790123459,0.35237279521168524
4,63,113.72930370370388,0.013564332656607213,4.707497537709912,6.202429629629627,0.3593311800730534
4,64,114.18840493827184,0.013169348184727918,4.741879673833522,6.058844444444438,0.37958887745998837
4,65,115.0248691358026,0.012989381862520943,4.741050946734388,6.119308641975305,0.3594885891063671
4,66,115.22544197530873,0.012812001682670316,4.75585119088446,6.32114567901234,0.3577518696553991
4,67,115.99610864197551,0.013662096485291876,4.712770651279568,6.128039506172833,0.3674846801322616
4,68,116.12363456790132,0.013806503740283485,4.7025979718537,5.999723456790126,0.39604705215223757
4,69,115.76430617283967,0.011419268038408764,4.89682488257008,7.680750617283946,0.31291521655138155
4,70,116.03300740740754,0.013039732821216269,4.7492542980719605,6.084187654320986,0.3736094090271872
4,71,115.06034567901258,0.014041152848651105,4.682813227014129,6.042508641975311,0.3894285233398085
4,72,114.57068641975332,0.014101528425544869,4.686526370430753,6.006913580246916,0.3853295723754985
4,73,109.48879012345702,0.010696157195549446,4.945608468434791,7.8835358024691295,0.3080318796437542
4,74,110.37276049382734,0.012711039122085042,4.780118733770348,6.393106172839508,0.36714656224434006
4,75,110.74374320987678,0.013449896247523234,4.733153969443251,6.488513580246911,0.37865871929410044
4,76,110.5106370370373,0.013445501210181367,4.724758646349105,6.427772839506179,0.3661591174257836
4,77,111.44853333333351,0.013254035372656613,4.729725921418231,6.271308641975308,0.35800842438768365
4,78,112.58994567901259,0.013828784051211703,4.7221019868622935,6.263150617283947,0.40404678353273266
4,79,112.83563456790154,0.012806436092059116,4.783697607365732,6.779160493827157,0.359605805201012
4,80,113.6470320987656,0.013175438963572612,4.741460235778324,6.385303703703702,0.3647178980141943
4,81,114.33566419753105,0.011089094759945111,4.910562748938252,7.803101234567894,0.2905329599972322
4,82,114.82398024691365,0.013495874019204393,4.717925242849801,6.294854320987655,0.3714598951117469
4,83,115.00424691358043,0.012619010224051201,4.7791332435015255,6.638202469135803,0.35020778864482577
4,84,114.76547160493841,0.013176462027129998,4.751474350486842,6.425896296296292,0.38050874508445404
4,85,114.83030123456804,0.013067649736320682,4.749458502830844,6.202311111111106,0.3771775131638313
4,86,120.56839506172952,0.00026287700045724954,8.495437636279332,474.01084444444535,0.014474543900890502
4,87,120.01835061728457,0.00024815534217345115,8.539550984703608,492.17833086419677,0.010550304250847766
4,88,113.96156049382878,0.00029950049077884846,8.371732792995237,389.1450666666659,0.010372484453622413
4,89,113.96156049382878,0.00029950049077884846,8.371732792995237,389.1450666666659,0.010372484453622413
4,90,62.29226666666665,0.0012720164365188592,7.062875573783395,66.29582222222244,0.0724594765583048
4,91,62.30249876543188,0.0009428506142356203,7.334053066086172,103.88594567901262,0.03796971082980926
4,92,62.43184197530842,0.0008866180155463967,7.38926808710354,106.27097283950637,0.03758496807934041
4,93,63.39968395061714,0.0008009116659045724,7.492182873986935,114.19685925925951,0.0245656638219827
4,94,64.03928888888862,0.000719800908398095,7.561371887837948,123.43006419753101,0.025280231584210288
4,95,65.7469827160493,0.0005032313854595198,7.903686923992619,161.5181432098764,0.026252577630831733
4,96,68.86759506172774,0.0005324039140374721,7.88341646183502,260.53813333333323,0.007014222239917006
4,97,68.52158024691292,0.0005415896357262418,7.871214671140933,256.82522469135876,0.010590553048282622
4,98,68.14234074074015,0.0005601319798810955,7.82691010615567,239.4408296296299,0.006942904727498669
4,99,67.3675654320982,0.0005585649992379033,7.802774584098683,227.34358518518522,0.002921816151446833
4,100,114.35407407407563,0.00029429465020576587,8.385996971857768,343.1661234567891,0.015178859111266598
